name,profit,imdb_id,international,domestic,worldwide,budget,metascore,year
Transformers: Age Of Extinction,250155000,2109248,858614996,245439076,1104054072,100038390,32,2014
American Sniper,242580000,2179136,197300000,350159020,547459020,633456,72,2014
The Lego Movie,229008000,1490017,210300000,257966122,468266122,69050279,83,2014
The Hunger Games: Mockingjay Part 1,211609000,1951265,418220826,337135885,755356711,121897634,64,2014
Guardians of the Galaxy,204200000,2015381,439631547,333718600,773350147,94320883,76,2014
Maleficent,190770000,1587310,517001401,241410378,758411779,69431298,56,2014
Big Hero 6,187339000,2245084,435341858,222527828,657869686,56215889,74,2014
Dawn Of The Planet Of The Apes,182179000,2103281,502098977,208545589,710644566,72611427,79,2014
Captain America: The Winter Soldier,166224000,1843866,454654931,259766572,714421503,95023721,70,2014
22 Jump Street,144476000,2294449,139614539,191719337,331333876,57071445,71,2014
Neighbors,136050000,2004420,120507734,150157400,270665134,49033915,68,2014
Gone Girl,129990000.00000001,2267998,201563174,167767189,369330363,37513109,79,2014
How to Train Your Dragon 2,107337000,1646971,444534595,177002924,621537519,49451322,77,2014
The Hobbit: The Battle of the Five Armies,103379000,2310332,707063077,255138261,962201338,54724334,59,2014
Teenage Mutant Ninja Turtles,81310000,0100758,66700000,135384756,202084756,25398367,51,1990
X-Men: Days Of Future Past,77384000,1877832,512124166,233921534,746045700,90823660,75,2014
Divergent,71868000,1840309,137937923,150947895,288885818,54607747,48,2014
The Amazing Spider-Man 2,70377000,1872181,506128390,202853933,708982323,91608337,53,2014
Godzilla,52477000,0831387,324300000,200676069,524976069,93188384,62,2014
Interstellar,47161000,0816692,585847199,188020017,773867216,47510360,74,2014
Star Wars: The Force Awakens,923860000,2488496,1132859475,936662225,2069521700,247966675,80,2015
Minions,502340000,2293640,823398892,336045770,1159444662,115718405,56,2015
Jurassic World,474630000,8041270,625127000,376851080,1001978080,145075625,38,2022
Avengers: Age Of Ultron,382320000,2395427,943803672,459005868,1402809540,191271109,66,2015
Furious 7,354030000,2820852,1162334379,353007020,1515341399,147187040,67,2015
Inside Out,279510000,2096673,501926308,356921711,858848019,90440272,94,2015
Fifty Shades Of Grey,255460000,2322441,403484237,166167230,569651467,85171450,46,2015
Cinderella,164770000,1661199,341206978,201151353,542358331,67877361,67,2015
Hotel Transylvania 2,159480000,2510894,305486596,169700110,475186706,48464322,44,2015
The Martian,150320000,3659388,402187155,228433663,630620818,54308575,80,2015
Pitch Perfect 2,139640000,2848292,102847849,184296230,287144079,69216890,63,2015
The Hunger Games: Mockingjay Part 2,134390000,1951266,371704359,281723902,653428261,102665981,65,2015
Mission: Impossible – Rogue Nation,109800000,2381249,487674259,195042377,682716636,55520089,75,2015
Ant-Man,103900000,0478970,339109802,180202163,519311965,57225526,64,2015
The SpongeBob Movie: Sponge Out Of Water,99800000,2279373,162192000,162994032,325186032,55365012,62,2015
Spectre,98400000,2379713,680630703,200074609,880705312,70403148,60,2015
Straight Outta Compton,91120000,1398426,40437206,161197785,201634991,60200180,72,2015
San Andreas,88070000,2126355,318818322,155190832,474009154,54588173,43,2015
The Revenant,61600000,1663202,349312609,183637894,532950503,474560,76,2015
Home,29120000,0099785,190923432,285761243,476684675,17081997,63,1990
The Secret Life Of Pets,374650000,2709768,525944139,368384330,894328469,104352905,61,2016
Deadpool,322240000,1431045,419766082,363070709,782836791,132434639,65,2016
Rogue One: A Star Wars Stor,319600000,3748528,525142151,533539991,1058682142,155081681,65,2016
Finding Dory,296600000,2277860,542275381,486295561,1028570942,135060273,77,2016
Zootopia,294900000,2948356,701265441,341268248,1042533689,75063401,78,2016
The Jungle Book,258149999.99999997,3040964,602553806,364001123,966554929,103261464,77,2016
Sing,194250000,3470600,363759959,270578425,634338384,35258145,59,2016
Captain America: Civil War,193400000,3498820,745253147,408084349,1153337496,179139142,75,2016
Fantastic Beasts And Where To Find Them,164700000,3183660,580006426,234037575,814044001,74403387,66,2016
Suicide Squad,158450000,1386697,421746840,325100054,746846894,133682248,40,2016
Doctor Strange,122650000,1211837,445154156,232641920,677796076,85058311,72,2016
Moana,121300000,3521164,416312095,248757044,665069139,56631401,81,2016
Batman V Superman: Dawn Of Justice,105700000,2975590,543277334,330360194,873637528,166007347,44,2016
The Conjuring 2,98300000,3065204,219318211,102516140,321834351,40406314,65,2016
Hidden Figures,95550000,4846340,66349611,169607287,235956898,515499,74,2016
Kung Fu Panda 3,76650000,2267968,377642206,143528619,521170825,41282042,66,2016
The Angry Birds Movie,72000000,1985949,244824563,107509366,352333929,38155177,43,2016
La La Land,68250000,3783958,320948641,151101803,472050444,881104,94,2016
Don’t Breathe,59100000,4160708,68543127,89217875,157761002,26411706,71,2016
Central Intelligence,52000000,1489889,89531672,127440871,216972543,35535250,52,2016
Star Wars: The Last Jedi,417.5,2527336,712517448,620181382,1332698830,220009584,84,2017
Beauty and the Beast,414.7,2771200,801130434,504481165,1305611599,174750616,65,2017
Despicable Me3,366.2,3469046,770175831,264624300,1034800131,72434025,49,2017
Jumanji: Welcome to the Jungle,305.7,2283362,590798946,404540171,995339117,36169328,58,2017
It,293.7,0038650,6750053,1483250,8233303,4163338,89,1946
Wonder Woman,252.9,0451279,410009114,412845172,822854286,103251471,76,2017
Spider-Man: Homecoming,200.1,2250912,545965784,334201140,880166924,117027503,73,2017
Thor: Ragnarok,174.2,3501632,538925590,315058289,853983879,122744989,74,2017
Guardians of the Galaxy Vol. 2,154.7,3896198,473942950,389813101,863756051,146510104,67,2017
Get Out,124.3,5052448,79548492,176196665,255745157,4500000,85,2017
The Avengers: Infinity War,500,4154756,1369544272,678815482,2048359754,257698183,68,2018
Black Panther,476.8,9114286,380500000,439645653,820145653,181339761,67,2022
Incredibles 2,447.4,3606756,634507500,608581744,1243089244,182687905,80,2018
Bohemian Rhapsody,350.8,1727824,694141269,216668042,910809311,51061119,49,2018
Aquaman,260.5,1477834,813424079,335104314,1148528393,67873522,55,2018
Venom,246.9,1270797,642569645,213515506,856085151,80255756,35,2018
Deadpool 2,235.4,5463162,461304874,324591735,785896609,125507153,66,2018
Jurassic World: Fallen Kingdom,222.8,4881806,892746536,417719760,1310466296,148024610,51,2018
Dr. Seuss’ The Grinch,184.6,2709692,259544720,271384731,530929451,67572855,51,2018
A Star Is Born,178.1,1517451,220900000,215333122,436233122,42908051,88,2018
